Export Scope,Generated At,,,
All Runs,2026-05-03T21:56:43,,,

Entry Date,Run,Product,Status,File
2026-03-31,1112,,Complete,2026-03/2026-03-31_Run_1112_id-2.pdf
2026-03-31,1114,,Complete,2026-03/2026-03-31_Run_1114_id-4.pdf
2026-03-31,3,,Complete,2026-03/2026-03-31_Run_3_id-1.pdf
2026-03-31,3,,Complete,2026-03/2026-03-31_Run_3_id-3.pdf
2026-04-02,11111,,Complete,2026-04/2026-04-02_Run_11111_id-5.pdf
2026-04-10,31126,caps,Complete,2026-04/2026-04-10_Run_31126_id-7.pdf
2026-04-10,3126,,Complete,2026-04/2026-04-10_Run_3126_id-6.pdf
2026-04-28,26 55,,Complete,2026-04/2026-04-28_Run_26_55_id-13.pdf
2026-04-28,26-0233,,Complete,2026-04/2026-04-28_Run_26-0233_id-12.pdf
2026-04-28,26-233,,Complete,2026-04/2026-04-28_Run_26-233_id-8.pdf
2026-04-28,26-5602,,Complete,2026-04/2026-04-28_Run_26-5602_id-9.pdf
2026-04-28,555555,,Complete,2026-04/2026-04-28_Run_555555_id-10.pdf
2026-04-28,BLEND-20260421-105954,,Complete,2026-04/2026-04-28_Run_BLEND-20260421-105954_id-11.pdf
2026-04-30,26-209,,Complete,2026-04/2026-04-30_Run_26-209_id-14.pdf
2026-05-01,26-207,,Complete,2026-05/2026-05-01_Run_26-207_id-15.pdf
